product_id,variant_id,net_sales,net_items_sold,orders
4417258848352,31497531457632,820.83,50,1
15071739019650,55586679718274,774.69,63,1
4417255506016,31497524838496,632.62,21,2
14874199490946,54859092492674,631.78,104,9
4417278574688,54994531746178,613.42,308,6
15260815720834,56392171684226,518.84,22,8
7977120923898,44244155859194,465.07,40,33
15086824259970,55635057148290,441.89,12,3
15145639412098,55822301135234,419.89,9,6
7630664532218,42832272556282,398.64,20,3
8073391374586,44745768567034,395.12,15,5
15141042553218,55794542182786,375.37,7,1
15022982594946,55362930377090,363.45,44,20
15145639412098,55822301102466,361.99,6,4
7105746796705,46800248373498,355.17,10,9
14935131783554,55056431874434,353.88,9,9
6898632065185,55054353727874,337.17,37,12
14872946311554,54855777976706,334.25,21,2
7982911619322,44591084175610,328.91,12,7
15270960234882,56371919716738,327.42,5,4
8011075125498,46813454139642,321.68,20,20
15086824259970,55635057115522,309.32,9,4
7855951184122,43721073033466,301.98,24,10
4417265696864,43208437498106,277.27,8,4
7977117712634,44244143440122,269.78,7,4
15275639636354,56394585604482,263.7,4,2
15086824259970,55635057344898,262.25,9,5
15086824259970,55635057049986,257.75,7,5
7819052286202,43578288832762,255.35,8,7
6024708292769,44625170202874,252.91,27,4
8011593154810,44521037103354,246.66,1,1
7982927741178,44271707422970,244.52,6,2
8173344653562,45181464346874,237.9,13,1
7800387404026,43511215325434,235.81,49,16
7645788274938,42890966335738,234.43,6,5
8011579851002,45948714647802,232.16,1,1
15023091188098,55363227124098,230.94,7,5
14879664472450,54873813123458,228.95,25,4
15260060582274,56313017532802,227.58,9,9
6852374102177,40347036188833,216.97,33,7
8009254797562,44722803802362,212.22,14,1
0,0,209.77,17,8
4489762373728,56665172279682,205.75,14,2
7977120956666,44244155990266,203.5,7,5
4552643903584,44681435480314,202.38,5,3
15263750619522,56330580492674,200.41,33,22
8073532997882,44746178822394,198.66,8,6
14875756790146,54863101329794,196.02,38,2
4417266417760,45544796782842,186.08,7,5
15193556222338,56024370446722,185.92,14,3
4417254850656,31497524117600,185.89,24,4
8011579851002,44520921891066,182.24,1,1
15097952764290,55680545522050,181.37,17,10
7982927806714,44271711944954,180.45,3,1
15292042903938,56458242490754,179.18,14,8
15086824259970,55635057082754,176.77,5,3
8060792013050,44712501051642,176.58,10,1
7105746796705,41164671418529,173.51,5,5
14846726799746,54807127228802,173.04,26,4
8161314111738,55116699402626,170.11,9,6
4417278574688,54994531778946,167.82,21,2
14877951099266,54868256915842,166.59,31,11
7852431048954,43702686449914,164.87,15,1
15279888728450,56413669818754,163.73,2,1
7053693649057,41040744054945,161.64,2,2
4468584087648,31697378902112,159.93,8,3
15112966406530,55734510354818,157.04,4,4
14961233101186,55121060200834,155.75,10,1
14881058324866,54880066797954,152.37,15,2
14929097884034,55032168546690,151.56,13,3
15145639412098,56724614709634,150.22,3,2
15217248764290,56120957534594,146.41,6,5
4495471706208,31790493106272,143.89,13,6
4417263632480,31497538601056,140.9,53,12
6986409312417,40838936166561,139.98,24,8
7053693649057,41040744087713,139.32,2,3
4417265631328,31497542795360,139.02,38,11
7977105424634,44244094189818,138.64,4,3
15334428311938,56649544958338,137.96,7,2
15069167419778,55574725919106,137.92,9,2
4417258356832,31497530769504,137.31,22,4
8565963849978,46433110130938,136.39,13,1
5360689283233,34966540058785,136.2,9,4
15270801015170,56371602129282,135.57,4,1
5784602575009,46062197113082,134.85,7,5
4613822152800,41949513548026,134.47,33,1
15071739019650,55586679751042,134.38,11,1
7455207424250,44579953213690,133.68,13,2
7986292818170,44592560111866,131.74,102,5
8070720520442,44737648263418,129.82,2,2
8172508381434,45177772900602,129.19,16,3
15260060582274,56313017598338,127.84,5,4
15319604593026,56569753764226,127.68,7,7
15260895773058,56318363107714,127.45,6,1
8053225062650,46666452664570,127.44,13,3
8005840044282,44470916219130,127.27,4,2
8014189920506,55536852173186,127.19,7,2
4417277460576,54994512314754,126.58,10,3
8100999332090,44844555960570,125.73,3,2
7989043036410,44299203739898,125.73,4,1
7993079857402,44325227692282,124.92,10,2
14900890435970,54951508836738,123.67,10,1
8000785416442,44542984945914,123.61,7,3
15145639412098,56724614676866,120.98,2,2
15023091188098,55363227091330,120.86,4,2
4414316183648,44687363309818,120.36,5,3
7977115713786,44244130955514,119.6,9,6
7469127303418,42111192891642,119.53,19,7
6024708718753,44624473948410,119.2,16,3
14879664472450,54873813156226,119.06,13,1
15112966406530,55734510322050,118.08,4,2
14935224091010,55056537125250,117.29,4,4
6001950916769,37471681413281,115.49,7,3
14907263746434,54970753155458,114.84,8,3
14874198802818,54859087249794,114.67,10,1
8106563043578,44858605535482,113.92,9,1
15075287925122,55599866773890,111.99,6,3
7994905460986,44345517965562,111.69,13,3
8633541427450,46704616308986,110.67,24,6
15260815720834,56318049550722,110.01,5,2
14907263746434,54970753483138,108.62,7,2
14821925781890,53387364991362,107.79,103,5
4417275199584,44035220046074,107.56,4,3
15293716693378,56465071374722,107.49,5,2
14872946311554,54855777878402,107.33,8,4
14934429958530,55054209384834,106.8,8,1
14968265769346,55146813358466,106.5,2,1
4417266417760,46340928405754,106.32,8,8
14935131783554,55056431841666,104.97,3,3
14876294447490,54864089907586,104.71,36,11
14937880330626,55063689527682,104.13,4,2
7977119711482,44244147142906,104.12,4,2
7800179753210,43510503899386,101.5,25,7
15055817638274,55526351044994,101.04,4,3
15090942017922,55649592869250,100.32,2,1
7694649098490,44524602032378,99,8,1
15057932550530,55533417464194,98.75,3,2
7673412124922,42980649599226,98.3,5,2
7993079857402,44325227626746,97.99,11,3
8011831148794,54992725606786,97.46,6,4
6852374102177,40347036221601,97.2,19,10
14877938221442,54868161003906,97.04,5,1
14878296572290,54869212004738,95.47,7,2
7649552269562,42904836505850,95.46,6,1
4417275199584,44035220013306,95.13,7,7
6734956363937,39923680673953,94.95,6,1
15101501800834,55691902583170,94.67,7,1
4417265893472,44035050602746,94.63,10,9
4599649140832,42731028054266,94.63,3,3
6898632065185,55054353662338,93.61,10,8
15069278798210,55575461429634,93.2,7,3
15270947815810,56371852312962,91.57,3,2
15292172337538,56458588651906,89.36,5,2
8145369989370,45040758587642,89.24,18,6
8103204356346,44849079812346,89.13,2,2
7465803088122,42102980051194,89.11,23,10
8172508381434,45177907871994,88.81,11,5
8013922271482,44534974873850,88.49,41,2
7592071201018,42647910318330,88.33,2,1
14877951099266,54868256784770,88.07,14,8
7998887231738,54979763962242,87.45,6,2
15322580779394,56580507042178,87.28,4,4
6024708685985,44625080025338,86.93,14,8
14971719352706,55155312722306,86.67,13,2
5334385819809,34865736220833,86.46,6,4
6866848448673,40387702325409,86.06,23,1
15253041283458,56280148246914,85.36,6,2
8649884762362,46784256934138,85.19,16,5
7661573800186,44525986447610,85.16,11,1
8645782274298,55947654857090,83.95,6,2
15326866997634,56597779677570,83.87,4,2
4613822152800,41949513515258,83.8,24,5
6842694795425,40310437675169,83.3,5,3
7064905908385,54977974567298,82.86,5,4
4448092749920,44546930409722,82.13,22,2
15263751340418,56329646440834,81.53,8,2
14958855913858,55112543895938,81.47,3,1
6741957705889,39960918130849,81.02,7,3
7986319327482,45379922952442,81.01,25,12
4417265893472,44035080749306,81,4,4
14877938221442,54868160971138,80.72,4,3
4417258324064,31497530507360,80.3,23,3
6810064847009,55649641070978,80.12,5,3
8107412750586,44859977859322,79.91,1,1
15022982594946,55362930409858,79.64,11,10
6798979760289,41949504635130,78.62,15,1
15264857260418,56335483011458,78.37,2,2
15145639412098,55822301168002,77.98,2,2
4417265696864,43208437367034,77.94,6,5
4417257996384,31497529065568,77.89,13,3
6885550129313,41949500309754,77.68,4,4
14877938221442,54868160938370,77.64,4,2
8000777748730,44531823706362,77.3,4,1
14886272434562,55219110707586,77.29,4,2
7865865437434,43763710034170,77.17,2,1
15026397249922,55377032380802,76.67,8,1
15269429182850,56360697069954,76.29,4,3
7834279215354,43635218841850,76.22,31,8
15269016469890,56359269826946,76,6,1
14967008002434,55141309088130,75.87,4,1
15112966406530,55734510420354,75.84,2,2
7643968241914,42882793472250,75.82,2,1
5244462203041,44525512294650,75.71,6,1
4524554584160,31869769547872,75.71,14,3
6883367977121,40450734096545,74.44,4,3
14934484713858,55054387511682,74.39,4,3
7982927806714,44271711977722,74.32,1,1
4612919066720,32221329981536,74.25,10,1
5500547432609,35544683085985,73.95,6,2
15069349151106,55576282431874,73.45,5,1
4537416908896,46748083159290,73.38,14,4
6885550129313,41949500276986,73.36,4,3
15105663238530,55708201714050,73.26,1,1
15208524513666,56081314087298,72.96,5,1
7652493328634,42914014724346,72.8,7,6
5630655234209,36037638258849,72.47,13,3
8160598720762,45122626814202,71.67,4,1
15279239856514,56411048509826,71.62,5,3
6054233637025,37659520073889,71.55,6,1
15228000993666,56170541941122,71.54,6,3
7977117679866,44244143341818,71.37,3,3
14875761344898,54863052276098,71.25,30,3
6852374102177,40347036156065,71.11,8,5
,,71.04,0,0
4495471542368,31790489370720,70.9,6,4
7651376988410,42910419517690,70.79,5,1
5433469141153,35265272152225,70.53,16,8
6052094935201,44526437171450,70.37,5,1
8010056892666,44513200701690,70,2,2
7994905460986,44345518227706,69.97,3,2
4417255538784,31497524871264,69.97,3,2
4417278574688,54994531811714,69.95,5,4
14893024969090,56121280725378,69.88,8,3
15070329471362,55580836790658,69.83,20,1
15160335073666,55876821221762,69.81,21,6
15183365833090,55982267629954,69.72,3,3
8073532997882,44746178789626,69.51,3,3
15260848095618,56318107877762,69.48,2,2
6885550129313,41949500244218,69.02,3,4
14899845497218,54947956949378,68.97,4,1
4417259470944,31497532342368,68.71,5,1
4417262780512,54868104249730,68.06,21,11
8152305729786,45082682097914,67.98,3,2
7986319327482,45379922854138,67.77,14,7
15171167158658,55932068168066,67.43,4,1
7585585332474,42621052584186,67.37,21,4
4552643903584,37592769233057,67.32,2,1
6869509832865,40398196768929,67.3,3,2
4417257078880,31497527230560,67.26,3,3
4599649140832,32165531254880,66.98,2,1
7645788274938,42890966302970,66.98,2,3
7998902763770,44387597517050,66.95,6,1
4460364890208,31662659797088,66.58,10,1
7501640532218,42239059362042,66.57,1,1
14930544394626,55036010496386,66.21,5,1
14907263746434,54970753515906,65.85,4,2
4417266417760,45544796750074,65.75,26,15
8152219386106,45081741164794,65.74,10,3
4417292828768,54976086245762,65,4,2
4417275592800,31497558229088,65,29,5
8172508381434,45177773719802,64.59,8,4
7982911619322,44591084306682,64.35,2,1
6765736722593,40060225585313,62.9,12,2
15172186145154,55936193462658,62.83,2,1
15023091188098,55363227156866,62.78,2,1
15026397249922,55377032348034,62.29,7,3
4573903454304,32056261640288,62.25,15,1
4417274773600,31497557213280,62.25,15,2
8106514088186,44858367574266,61.95,2,1
8103204356346,44849079845114,61.5,2,1
15299488317826,56501947597186,61.33,2,1
8015418720506,44546640052474,61.32,2,2
15086824259970,55635057213826,60.98,2,1
15222437544322,56146137678210,60.68,1,3
5971602210977,37366105538721,60.6,3,1
8010056892666,44513201094906,60.51,3,3
7651373940986,42910404903162,60.37,5,3
5313904246945,34779830223009,59.97,4,1
5998487011489,37458904449185,59.84,2,2
14961197023618,55120793600386,59.82,2,1
8043531632890,44664444748026,59.65,5,3
6594006810785,39412656341153,59.63,4,1
7738421936378,43233919729914,59.28,8,7
15057885004162,55533358121346,59.17,1,1
6655620055201,39599173927073,58.15,2,1
15022982594946,55362930442626,57.93,8,2
8010954113274,54971408384386,57.75,29,3
8009522643194,44508260630778,57.74,1,1
15035760902530,55435160846722,57.67,1,1
5334385819809,34865736253601,57.63,4,1
4448092749920,44546930245882,56.91,14,4
4417265696864,43208437268730,56.84,7,7
4609306296416,32205465845856,56.67,3,1
7560180334842,44525797998842,56.64,4,2
7501640532218,42239059230970,56.57,1,1
7998922031354,44387930865914,56.55,3,2
8172508381434,55121815372162,56.52,7,3
14929097884034,55032168579458,56.03,6,2
4417285554272,44528806723834,55.39,23,2
7519284691194,42332077719802,54.9,12,1
7519284691194,42332078014714,54.9,12,3
15154364776834,55847766196610,54.84,2,2
7986329092346,55237470814594,54.73,33,7
7592071168250,42647910252794,54.67,1,1
14925001392514,55015982989698,54.53,6,2
6022421610657,37546724294817,54.45,6,2
14966296576386,55138952741250,54.44,6,2
7455208014074,42071691460858,54,6,1
8006154682618,44476577251578,53.68,4,4
5343065211041,43143194607866,53.67,4,1
14872946311554,54855778173314,53.66,4,2
4417265696864,43208437235962,53.64,9,9
8073391374586,44745768534266,53.32,2,2
7977115615482,44687446769914,53.3,5,5
8163022471418,45132863078650,53.05,3,1
4417265893472,44035050635514,53.04,4,4
8010522525946,44515372466426,52.96,4,2
4417275199584,44035219947770,52.63,5,5
4417275199584,44035219882234,52.36,18,12
7642578878714,44525850099962,52.22,3,1
7651373547770,45194582884602,52.05,5,4
7651373547770,45194582917370,52.04,5,2
4417275887712,54886938706306,51.95,6,1
14961197023618,55120793665922,51.48,2,1
7869686874362,43779305013498,51.13,6,5
7560180334842,44525797835002,51,4,1
6604161482913,39441338663073,50.9,5,2
8104214036730,44852253622522,50.8,6,4
14881058324866,54879996510594,50.79,5,2
8011902058746,54992740548994,50.64,4,4
15055817638274,55526350979458,50.52,2,1
15055817638274,55526351077762,50.52,2,2
14930636603778,55036230599042,50.17,1,1
6999643979937,40904997798049,49.99,1,1
7977120891130,44244155760890,49.8,5,5
8015418720506,44546639986938,49.77,3,3
15167325143426,55913923379586,49.77,3,1
15194333872514,56028474114434,49.72,3,1
7983233270010,44273036460282,49.63,4,1
7469126320378,42111190663418,49.58,14,7
6887867482273,40464689725601,49.47,3,1
14875726086530,54862906261890,49.45,6,2
14937880330626,55063689560450,49.42,2,2
4613822152800,41949513482490,49.41,12,4
15270801146242,56371604586882,49.37,3,1
5359897903265,34962233491617,49.32,2,1
8005840044282,44470916284666,49.2,2,2
5294721958049,34706866077857,49.13,4,2
15330780676482,56624911942018,48.91,1,1
15330780676482,56624911909250,48.91,1,1
15260848095618,56318107812226,48.84,2,1
4417265893472,44035080782074,48.74,2,2
7592071168250,42647910220026,48.67,1,1
8140971213050,45021049553146,48.45,6,2
5482771546273,35456875102369,48.37,5,1
14935293460866,55122170347906,48.36,7,2
4551406878816,31982166212704,48.29,5,1
6024708620449,37554949783713,48.26,4,2
4417285554272,44528806756602,48.17,20,1
15141041439106,55794513674626,48.12,3,1
15189299560834,56006361055618,48.03,4,1
4417258881120,31497531719776,47.96,4,4
7834308378874,44035234857210,47.86,2,2
5238217769121,34409410920609,47.85,2,2
7643966734586,55579779563906,47.84,2,2
15260815720834,56629273297282,47.82,2,1
14872946311554,54855777943938,47.75,3,1
8145369989370,45040758554874,47.6,48,1
6741957804193,44525623771386,47.51,4,2
8005840044282,44470915989754,47.44,3,3
4417267826784,54976301072770,47.22,3,1
5866936729761,44580019929338,47.04,5,2
7630664106234,56539256324482,47.02,2,2
8629279588602,46691716694266,46.65,2,1
15046948553090,55488365363586,46.64,2,2
14957740786050,55109886673282,46.61,7,1
14959101837698,55113194209666,46.61,7,1
6024708718753,44624474013946,46.45,6,2
6024708718753,44624474177786,46.44,6,4
7590204801274,42638644314362,45.99,1,1
7869686874362,43779304947962,45.95,6,1
4417285554272,44528806789370,45.76,19,2
14960132718978,55116252905858,45.68,8,5
8152219386106,45081741197562,44.98,2,1
6614271393953,39469887324321,44.97,4,1
7977115615482,44687446704378,44.94,6,6
15176571552130,55954493669762,44.92,1,1
15071146115458,55583815664002,44.87,15,5
7977119645946,44244146946298,44.85,3,3
7651373547770,45194582950138,44.85,3,2
15277921960322,56405031485826,44.82,2,1
15066724598146,55559632617858,44.76,3,3
15273629811074,56387390013826,44.5,6,2
15074121777538,55596288213378,44.22,2,1
15023996371330,55366773277058,44.19,1,1
8103204356346,44849079943418,44.07,1,1
15057932550530,55533417628034,43.99,1,1
14937880330626,55063689462146,43.82,2,1
7986329092346,55237470880130,43.45,25,10
15022982594946,55362930475394,43.44,6,6
15037028532610,55435015553410,43.24,1,1
8155973026042,45093444550906,43.1,10,1
8630295331066,46692074455290,42.92,4,2
4417275461728,31497558032480,42.78,13,5
15260895773058,56614683083138,42.48,2,1
7985984143610,44286475927802,42.47,3,1
15141070307714,55794628166018,42.38,2,1
14960407609730,55117241418114,42.29,4,3
15039066210690,55448101257602,42.27,1,1
5241086509217,34423079895201,42.22,3,1
6052094935201,44526437105914,42.22,3,1
8565963849978,46433110229242,42.21,4,3
4552643903584,44681435447546,42.16,1,1
4552643903584,44681435414778,42.16,1,1
8013801980154,44533772353786,41.93,8,1
15046490751362,55486292459906,41.92,3,1
4417259339872,31497532178528,41.87,10,1
8073391374586,44745768501498,41.84,2,2
4417282080864,54971252081026,41.82,21,1
7855905931514,43720782807290,41.82,13,3
8073391374586,44745768173818,41.48,2,2
6810064847009,55649641103746,41.3,3,1
6024708685985,44625080123642,41.2,5,4
7684507730170,45197100450042,41.2,5,3
4448092749920,44546930278650,41.06,11,3
4417263272032,54970725269890,40.84,4,3
7630664532218,42832272523514,40.82,2,1
14875726086530,54862906294658,40.79,5,2
14877932093826,54868154220930,40.73,14,5
15145639412098,56724614742402,40.66,1,1
15179732550018,55965688562050,40.66,1,1
15141040685442,55794510922114,40.63,1,1
8017508073722,54883504062850,40.47,3,1
4576607731808,32074085040224,40.42,9,5
8172508381434,45177772769530,40.37,5,1
7651373547770,45194583015674,40.31,3,3
8633541427450,46704616276218,40.18,12,4
6741957607585,39960917442721,40.12,3,1
15293724885378,56465120756098,39.98,2,1
14925001392514,55015982793090,39.63,4,1
6542267482273,55584129122690,39.6,4,1
7464578515194,46064586490106,39.45,6,2
4417258913888,31497531752544,39.3,4,1
15112966406530,55734510485890,39.26,1,1
4506283442272,55116745376130,39.15,3,1
7977105064186,44244093698298,38.97,3,2
7469126811898,42111191613690,38.95,6,2
7649650409722,42905190531322,38.74,1,1
6885550129313,41949500342522,38.7,2,1
6024708718753,44624474046714,38.7,5,4
8010477207802,44515104129274,38.64,2,2
4417265893472,44035080814842,38.54,1,1
14934429958530,55054209089922,38.37,3,2
6912120946849,40558379729057,38.32,2,1
15279214625154,56410700054914,38,1,1
8652600606970,54957053510018,37.94,8,2
6882008629409,40446124196001,37.82,2,2
15069278798210,55575461462402,37.57,3,1
15084542099842,55627058872706,37.57,2,1
15048298561922,55493770969474,37.55,3,2
5238217769121,34409410986145,37.53,2,1
15069349151106,55576282366338,37.49,3,1
7560180334842,55855975432578,37.47,3,2
15312314302850,56540312928642,37.47,3,2
15075287925122,55599866741122,37.34,2,2
4417266483296,54868157825410,37.33,18,8
6982559301793,40827789279393,37.22,3,1
15068625535362,55571859865986,37.18,2,2
15319604593026,56569753829762,37.15,2,1
4417290502240,44589393182970,37.12,3,2
6756099424417,40014853210273,37.04,5,1
8015430353146,44546720858362,36.89,4,1
7977118695674,44244144816378,36.87,5,4
15086824259970,55635056951682,36.82,1,1
15086824259970,55635056984450,36.82,1,1
4536644337760,31926034071648,36.8,16,2
15145639412098,56395545641346,36.74,1,1
4613822152800,41949513646330,36.67,9,3
6008904548513,54994513133954,36.57,3,2
14989499138434,55287128424834,36.57,1,1
4590505033824,32128904233056,36.48,2,1
8010522525946,55867918090626,36.48,2,2
4589286817888,32123123531872,36.39,2,1
6898632065185,55054353957250,36.28,4,4
6024707965089,46526775558394,36.22,3,1
6008904220833,54971449540994,35.98,2,1
15211902665090,56096548061570,35.97,3,2
5244462203041,44525512392954,35.97,3,1
4590713733216,32130426667104,35.92,8,6
14959226257794,55113396322690,35.82,2,1
6916366729377,40574904074401,35.82,1,1
7651373547770,45194582982906,35.77,3,3
14877951099266,54868256850306,35.51,6,4
8160577388794,45119612289274,35.49,1,1
7105746796705,46800248340730,35.41,1,1
8145411080442,55435026006402,35.41,1,1
15297532985730,56488455471490,35.37,2,2
4417265893472,44035050569978,35.36,5,4
14934424977794,55054103282050,35.2,2,2
8161538703610,45124065067258,35.16,1,1
8161538703610,45124064936186,35.16,1,1
4417271267424,31497552822368,34.99,3,2
14877941760386,54868187480450,34.89,14,2
7649650278650,42905190236410,34.87,1,1
4417285193824,31497600991328,34.84,18,7
4489972056160,31769785532512,34.82,2,2
15264857260418,56335483044226,34.65,1,1
15069167419778,55574725886338,34.65,2,1
6755764076705,40013479608481,34.5,12,1
15112966406530,55734510453122,34.34,1,1
14934467281282,55054341439874,34.34,6,2
7855905931514,43720782676218,34.22,2,2
5370613399713,45190843826426,34.22,5,3
8011075125498,46813454172410,34.21,1,1
14898962596226,54945041252738,34.2,2,1
6008905466017,54994514805122,34.14,3,2
8155983446266,45093496258810,34.07,1,1
14961212096898,55120872309122,34.03,4,1
7469127205114,42111192793338,33.87,5,4
7691129651450,43052479348986,33.75,5,1
4417294893152,31497618948192,33.72,3,1
5784602640545,53384722678146,33.72,2,1
4552643903584,32130820571232,33.66,1,1
4552643903584,32130820636768,33.66,1,1
14907263746434,54970753286530,33.61,2,1
8102837321978,44848555720954,33.54,2,1
5343065211041,43143194673402,33.5,2,1
4599649140832,41949513711866,33.49,1,1
15228000993666,56170541908354,33.39,3,2
15272480702850,56381749199234,33.32,1,1
4417266155616,54971241496962,33.32,2,2
15269308006786,56360272068994,33.32,2,1
7704065671418,43107654664442,33.32,1,1
15270340952450,56368083698050,33.24,1,1
14928459137410,55029296431490,33.2,5,2
15068625535362,55571859833218,33.18,2,1
14883152527746,54886934446466,33.14,2,2
14958855913858,55112543928706,32.99,1,1
6024709701793,37554952405153,32.97,4,1
6024708685985,44625144774906,32.96,4,2
4417267826784,54976301040002,32.96,4,4
6883367977121,40450734162081,32.94,2,1
6001950490785,37471679479969,32.85,2,1
6956180275361,55121095983490,32.85,2,1
6912222789793,40558609662113,32.79,1,1
4552674377824,55831762698626,32.7,3,3
14933786067330,55049489383810,32.47,3,1
8012324143354,44525818904826,32.46,3,3
7716552999162,43154169561338,32.42,3,2
14877932093826,54868154188162,32.39,13,2
15145639412098,56395545608578,32.39,1,1
14960407609730,55117241450882,32.3,4,3
15311809315202,56539550613890,32.24,1,1
7652493558010,44853465809146,32.22,3,2
15287119020418,56434342560130,32.1,2,1
4575522259040,32070086885472,31.98,3,3
4417277460576,54994512281986,31.96,4,4
6894872166561,41949498441978,31.96,4,3
8010485137658,44515148398842,31.92,1,1
4417255276640,31497524543584,31.77,3,3
7977118728442,44244144849146,31.57,3,2
7640297799930,42871894966522,31.48,2,1
14956086264194,55106194571650,31.48,2,1
7993079857402,44325227725050,31.48,2,1
15068439216514,55570976440706,31.48,2,1
7640296653050,42871891034362,31.48,2,1
4436070793312,46713930842362,31.48,2,1
7455207850234,42071690838266,31.47,3,1
7994905460986,44345518293242,31.43,1,1
15086824259970,55635057279362,31.35,1,1
4590874787936,32131136323680,31.34,2,1
15264002376066,56330812293506,31.33,2,1
14924996477314,55015971324290,31.23,3,2
7064905908385,54977974534530,31.23,3,3
4417258651744,31497531129952,31.17,2,1
14933888237954,55050663362946,31.08,2,1
4417255997536,31497525493856,31.04,2,2
14893024969090,55600462266754,30.98,2,1
7452902818042,42495729795322,30.97,1,1
6024708718753,44624558489850,30.96,4,4
7455207424250,44579953311994,30.85,3,1
7564838240506,42519625793786,30.82,1,1
8021882536186,44576556351738,30.6,3,1
15263751340418,56329646408066,30.57,3,1
6857219276961,40362964582561,30.5,4,2
15086824259970,55635057410434,30.49,1,1
15086824259970,55635057246594,30.49,1,1
15086824259970,55635056853378,30.49,1,1
14961233101186,55121060168066,30.36,3,1
4417259012192,31497531883616,30.36,5,4
14872978162050,54855876346242,30.35,2,1
7855951184122,43721073066234,30.32,4,4
15053341393282,55516378431874,30.24,1,1
8100999332090,44844555927802,29.99,1,1
7560399225082,44649314681082,29.99,1,1
7560399225082,44649243410682,29.99,1,1
8012324143354,44525818937594,29.97,3,3
6024708292769,44625170039034,29.97,3,1
4417265467488,31497542303840,29.92,9,3
14960177676674,55116467831170,29.82,2,1
4414316183648,44687363277050,29.82,2,2
14934484713858,55054387478914,29.82,2,2
14929786503554,55034358235522,29.82,2,1
7855951184122,43721073099002,29.8,5,5
4417266483296,54868157858178,29.8,9,6
8078034567418,44764388851962,29.74,2,2
14993332044162,55248459694466,29.65,2,1
8006273859834,44478336205050,29.48,2,1
7712260784378,43137466597626,29.42,2,1
5347300966561,34910668325025,29,3,1
8021911044346,44581416698106,28.98,3,2
8005812257018,55026465833346,28.97,3,1
6024708784289,37554949947553,28.97,3,1
8010477207802,44515104162042,28.8,2,1
4417286635616,31497603121248,28.52,7,3
4613822152800,41949513613562,28.52,7,3
14879662702978,54873809584514,28.35,2,1
14874527465858,54859852513666,28.32,3,1
4448091209824,31622240403552,28.27,4,1
8015418720506,44546640019706,28.18,2,1
6052094935201,44526437236986,28.15,2,1
14821247418754,54971046101378,28.15,2,1
8113773379834,44891176632570,28.15,2,1
4436070793312,44589245563130,28.15,2,1
15280059023746,56414427545986,28.12,3,1
8160577388794,45119612256506,27.99,1,1
8011831804154,54992725770626,27.98,2,1
8645782274298,55947654824322,27.98,2,2
4417277952096,54978295726466,27.98,2,1
14968265769346,55146813292930,27.91,1,1
15189300052354,56006362104194,27.88,2,1
5911744282785,37141209710753,27.84,2,2
7986254086394,44288048529658,27.76,20,1
14892889276802,54921576481154,27.67,3,3
8163022471418,45132862980346,27.67,2,1
14965085438338,55134875844994,27.48,2,1
7452903604474,42064266625274,27.47,3,1
4417284931680,31497598500960,27.44,6,2
4417265959008,31497543123040,27.43,6,5
7982911619322,44271630844154,27.41,1,1
7982911619322,44591084077306,27.41,1,1
8009169993978,44504437031162,27.41,1,1
8155983446266,45093496291578,27.41,1,1
14992559145346,55227874836866,27.41,1,1
6657324875937,39604056424609,27.31,2,2
8522981998842,46257160978682,27.3,4,1
6024707965089,44624614588666,27.22,3,3
6024707965089,44624614752506,27.22,3,1
14958817739138,55112444477826,27.22,3,1
6898632065185,55054353924482,27.21,3,3
7575717413114,42579920847098,27.07,1,1
7869686874362,43779305373946,26.97,3,3
8010485137658,44515148529914,26.92,1,1
8106532503802,44858491109626,26.91,1,1
14925037011330,55016068841858,26.85,2,1
8623658926330,46666371694842,26.85,2,1
8006161662202,44476756132090,26.84,1,1
8021898854650,44576633782522,26.77,3,1
15332772381058,56640144966018,26.75,3,1
7692736659706,46340833706234,26.73,3,3
14934429958530,55054209057154,26.7,2,1
14934429958530,55054209188226,26.7,2,1
4417275199584,44035219915002,26.7,4,4
15313775133058,56543601328514,26.59,10,4
7977115681018,44244130857210,26.52,2,2
7977117647098,44244143309050,26.52,2,1
15154353635714,55847652098434,26.5,2,1
14846726799746,54807127294338,26.29,4,2
15086824292738,55635058000258,26.25,2,1
15267802055042,56346466517378,26.23,2,1
15023745008002,55365545460098,26.15,2,1
8011072012538,46813458792698,26.14,2,2
8011824398586,54992725344642,25.98,3,3
4417265696864,43208437432570,25.96,1,1
4417265696864,43208437203194,25.92,8,8
15291487322498,56455848657282,25.92,6,6
14935996924290,55058947506562,25.9,7,3
5474398437537,55056898556290,25.87,3,1
14821925781890,53387365122434,25.83,20,2
4592990716000,44579628646650,25.82,2,1
7983934669050,44276551647482,25.82,1,1
4592990716000,32136348794976,25.82,2,1
4417288732768,44586278060282,25.67,8,1
5253203034273,34520832442529,25.65,2,1
8630672883962,46696960360698,25.62,3,2
4414316183648,44687363145978,25.43,10,5
4488111128672,31763586678880,25.32,2,2
4592582623328,54965046018434,25.29,4,2
15260059763074,56313014092162,25.26,1,1
6859950063777,40370513379489,25.2,2,1
14822482411906,53388622463362,25.02,7,2
14877962797442,54868293747074,25,8,1
7560399225082,44649249079546,24.99,1,1
7560180334842,55855975301506,24.98,2,1
8651485544698,54957049676162,24.88,14,3
7982901559546,44271548498170,24.82,2,2
4509718741088,55366687523202,24.82,2,1
4417285029984,31497600401504,24.82,20,6
5241086509217,34423079927969,24.82,2,1
14877938221442,54868154089858,24.82,2,1
6987652300961,40843481874593,24.75,2,1
14900890435970,54951508705666,24.73,2,1
6024708948129,37554950111393,24.72,3,2
7985931354362,44286137663738,24.72,3,1
15019527602562,55351083630978,24.64,2,2
6024709537953,55273671131522,24.64,3,2
5433469141153,35265272086689,24.55,5,3
4613822152800,44528299114746,24.44,6,2
4523827822688,31867454193760,24.42,2,1
7804529213690,44035214573818,24.37,3,2
5244461580449,34476922273953,24.32,2,1
15263750619522,56330580459906,24.29,4,4
8140971213050,45065026863354,24.22,3,1
15074121122178,55596279497090,24.22,1,1
8140971213050,45065026732282,24.22,3,2
14933971075458,55051556749698,24.14,1,1
8633541427450,46704616210682,24.09,14,4
4417289257056,31497606889568,24,2,1
5244462203041,44525512360186,23.98,2,1
4417262551136,54965083505026,23.97,3,3
7855951184122,43721073131770,23.94,7,7
7502163738874,42242485977338,23.92,1,1
15260815720834,56318049517954,23.91,1,1
15260815720834,56318049485186,23.91,1,1
15260005171586,56312675697026,23.85,2,1
15082675405186,55619324019074,23.83,2,1
15337613820290,56659430637954,23.83,4,1
15260848095618,56318107844994,23.82,1,1
14960157163906,55116372312450,23.82,2,1
8175739601146,55273679290754,23.82,2,2
4460365348960,44528472031482,23.75,10,2
14934429958530,55054209253762,23.73,2,1
7994905460986,44345517736186,23.62,7,1
4417275199584,45768810266874,23.57,1,1
15046948553090,55488365625730,23.52,1,1
4573903454304,32056261607520,23.46,6,1
4417253769312,31497522937952,23.32,2,2
14882799878530,54885709644162,23.32,2,1
6024708718753,44624474112250,23.22,3,2
15148456018306,55831771054466,23.19,1,1
7924177600762,44017689723130,23.18,2,1
4505245089888,31824807297120,23.15,2,1
15349401223554,56704326140290,23.08,2,2
8009125986554,44503850221818,23.07,4,1
14934429958530,55054209352066,23.02,2,2
14881090568578,54880202719618,22.97,4,1
7869686874362,43779305865466,22.97,3,1
7845873320186,43672871207162,22.92,2,1
14995605848450,55259820065154,22.91,1,1
15097993560450,55680758808962,22.87,1,1
14961278124418,55121210179970,22.82,2,1
7977119580410,44244146880762,22.6,3,3
7719883964666,43170130493690,22.48,2,1
6842306166945,40309140553889,22.48,2,2
4414316183648,44687363211514,22.47,3,2
15292783952258,56461905133954,22.46,2,2
4417283981408,31497590472800,22.45,6,2
15099863368066,55686307250562,22.45,5,5
4417275330656,44035076391162,22.42,1,1
8037428494586,46207004147962,22.41,1,1
14883343040898,54887601340802,22.38,2,1
5794936324257,36733073686689,22.38,1,1
15274568614274,56414048059778,22.34,2,2
8104214036730,44852253425914,22.32,2,1
14874199490946,54859092525442,22.17,4,2
4417256652896,31497526706272,22.14,2,2
8013862240506,44533982757114,22.08,10,1
7986319327482,45379922919674,22.03,7,4
15141041439106,55794513707394,21.91,1,1
8027118600442,44599046275322,21.87,15,4
15279239856514,56411048477058,21.72,1,1
15059906789762,55539275825538,21.72,1,1
15059906789762,55539275956610,21.72,1,1
15059906789762,55539276251522,21.72,1,1
7560397947130,44648789016826,21.67,1,1
6669353779361,39654604964001,21.67,8,4
8015430353146,44546719645946,21.6,4,1
4417290240096,44589100171514,21.57,1,1
15317344092546,56556315279746,21.57,1,1
8155973026042,45093443862778,21.55,5,1
8155973026042,45093444092154,21.55,5,1
14960152248706,55116343542146,21.49,1,1
7684507730170,45197100417274,21.48,2,1
7651374039290,42910405165306,21.48,2,2
14876294447490,54864089940354,21.37,9,3
7500108857594,42230391472378,21.32,2,1
14875761344898,54863052210562,21.27,14,5
15046948553090,55488365494658,21.26,1,1
15260895773058,56318363009410,21.24,1,1
4489723248736,31769073352800,21.24,1,1
8152263491834,45082176880890,21.24,1,1
4553369059424,31990840950880,21.22,3,1
14819787506050,55953670275458,21.22,3,1
7986300387578,54947954229634,21.18,2,2
14958851326338,55112527413634,21.15,2,1
7986308612346,44288341639418,21.1,17,2
6755764076705,40013479215265,20.99,8,3
6008908644513,37498327892129,20.97,3,1
7985931354362,44286137598202,20.96,2,1
4592582623328,54965046116738,20.95,6,1
4592582623328,54965045985666,20.94,6,2
8630284812538,46691741499642,20.91,1,1
4536644337760,31926033973344,20.9,11,2
4493458571360,31780874289248,20.87,4,3
14971719352706,55155312624002,20.87,3,2
15048390214018,55493768085890,20.82,2,2
7651373547770,45194583081210,20.82,2,1
5450415538337,44579813720314,20.82,2,1
4592990716000,32136348729440,20.66,2,1
8076166136058,44756642889978,20.66,1,1
7455207424250,44579953148154,20.57,2,1
7455207424250,44579953344762,20.57,2,1
15136776028546,55782020481410,20.57,2,1
8155725988090,56569966756226,20.54,1,1
14925557825922,55018232119682,20.5,4,1
4613822152800,41949513580794,20.37,5,2
4417275330656,44035076292858,20.37,3,3
8173344653562,45181464543482,20.32,1,1
14959226257794,55113396289922,20.16,1,1
4417266319456,54972853191042,20.16,3,3
4552674377824,55831760306562,20.02,2,2
15312219242882,56540167897474,19.99,1,1
6024708358305,37554949554337,19.98,2,1
6024708423841,37554949619873,19.98,2,1
6024708292769,45936746004730,19.98,2,1
4573903454304,32056261771360,19.97,4,1
14899849494914,54947969499522,19.97,3,1
4414316183648,44687363178746,19.96,4,4
4417254785120,31497524019296,19.95,5,4
4417286373472,31497602859104,19.93,4,1
7560399323386,42506400203002,19.92,1,1
14984117387650,55198318788994,19.91,1,1
7985986568442,44286485266682,19.91,1,1
7643966734586,42882783969530,19.76,1,1
4417266614368,31497543778400,19.74,6,4
14893024969090,54935094002050,19.68,1,1
15042460647810,55470160314754,19.67,1,1
5433469141153,35265272184993,19.64,4,3
5433469141153,44546525233402,19.63,4,1
7985931354362,44286137696506,19.62,3,2
8015430353146,44546721579258,19.61,2,2
15059906789762,55539276022146,19.56,1,1
6886023889057,41949499457786,19.52,1,1
15291487322498,56455848690050,19.47,3,2
7585585332474,55171090743682,19.45,6,3
15071151653250,55583845319042,19.42,1,1
15212012110210,56097049903490,19.42,1,1
4468548173920,55993034408322,19.41,1,1
6885550129313,41949500178682,19.35,1,1
14893024969090,56121280758146,19.34,1,1
14934663922050,55054945452418,19.32,2,2
8005820285178,55026392957314,19.32,2,1
8005812257018,55526512689538,19.32,2,1
4417289257056,31497606856800,19.18,2,1
4417277558880,54977921679746,19.1,10,1
7038269554849,40995462807713,19.07,1,1
5784602378401,36693802254497,19.06,1,1
5508867260577,35866919796897,19.05,2,1
14961278124418,55121210147202,18.98,2,1
5928354611361,37208304844961,18.97,3,2
6898632065185,55054353891714,18.87,2,2
14929097884034,55032168513922,18.86,2,1
14929097884034,55032168644994,18.86,2,1
8161314111738,55116699468162,18.82,1,1
5854047240353,44528050503930,18.77,1,1
6756420288673,42898906022138,18.7,5,3
14933787509122,55049494495618,18.65,3,1
6024709374113,55113578512770,18.62,3,1
4417276215392,42905688998138,18.57,1,1
15147501781378,55827988545922,18.52,2,2
14893024969090,54935094493570,18.43,2,1
6755814080673,40013691256993,18.41,10,2
14960433299842,55117340213634,18.32,2,2
4572385214560,55360845054338,18.32,2,1
5244423504033,34476655247521,18.32,2,2
8012324143354,44525818970362,18.32,1,1
7986329092346,55237470781826,18.25,11,6
15337725559170,56660368392578,18.24,1,1
15019527602562,55351083598210,18.23,2,2
6024707965089,44624614621434,18.15,2,1
7982119747834,44267478647034,18.15,2,1
6898632065185,55054353760642,18.14,2,2
4538255900768,31931236122720,18.04,5,2
14928361324930,55028998930818,18.04,1,1
15176571552130,55954496979330,17.96,4,2
7961561334010,45128945926394,17.91,1,1
8100579639546,44842232185082,17.88,1,1
8050371068154,44688952688890,17.88,3,2
15332772381058,56640144933250,17.83,2,1
14893024969090,54935094362498,17.82,2,1
5304784879777,39283756269729,17.82,2,2
15332789223810,56640231440770,17.82,2,1
8162308653306,45132342329594,17.74,1,1
8010472292602,54965676474754,17.68,1,1
7045912002721,41014194700449,17.67,1,1
7560180465914,42505391833338,17.49,1,1
14924135596418,55012086677890,17.48,2,1
15071151653250,55583845450114,17.47,1,1
14882306818434,54884341842306,17.41,1,1
6024708718753,44624473981178,17.4,2,1
4417255178336,31497524412512,17.4,2,2
8651552686330,46795722588410,17.32,2,1
15299983180162,56503262806402,17.26,1,1
15299983180162,56503262970242,17.26,1,1
7738421936378,43233919697146,17.25,2,1
14907263746434,55015788216706,17.17,1,1
8000785416442,44542984782074,17.17,1,1
15319604593026,56569753796994,17.16,1,1
6748528214177,55121167516034,17.16,1,1
8100999332090,44844555895034,17.16,1,1
14960132718978,55116252971394,17.13,3,3
8630672883962,46694529138938,17.08,2,1
15355088896386,56728265851266,17.07,1,1
8010080813306,55051516117378,16.98,3,3
15292046180738,56458284040578,16.94,2,2
6818459615393,40240354525345,16.84,1,1
6818459615393,40240354590881,16.84,1,1
7714001813754,43144195440890,16.82,1,1
15326861263234,56597596340610,16.8,1,1
5343065211041,43143194738938,16.75,1,1
15269308006786,56360272003458,16.66,1,1
4417260159072,31497533292640,16.65,2,1
4417272512608,31497554559072,16.65,2,1
4417288274016,55012330471810,16.64,4,2
14924996477314,55398284067202,16.64,2,2
7984494739706,44279387488506,16.63,4,1
15057932550530,55533417693570,16.58,1,1
7651375284474,42910408704250,16.57,1,1
7651376333050,42910416011514,16.57,1,1
15172439998850,55937112473986,16.57,1,1
8167121682682,45153557676282,16.57,1,1
15172439998850,55937112768898,16.57,1,1
7982675362042,44270522958074,16.57,1,1
7649553219834,42904838668538,16.57,1,1
14989636927874,55215072444802,16.5,30,1
4417278115936,54976019267970,16.48,2,2
4417277558880,54977921712514,16.48,2,2
15330784641410,56624923574658,16.48,2,1
15292011774338,56458115481986,16.47,1,1
7467514429690,54968791073154,16.47,3,1
4536806309984,44581658886394,16.46,5,1
15270801146242,56371604685186,16.46,1,2
15154364776834,55847766327682,16.45,1,1
4595341361248,44640232866042,16.41,1,1
8060501229818,44711593181434,16.37,1,1
5432706826401,35263135678625,16.37,1,1
6772089192609,40084655046817,16.37,1,1
15227988705666,56170524574082,16.37,1,1
5536371114145,35700177698977,16.33,2,1
8005812257018,55026465702274,16.32,2,1
8005820285178,55526515147138,16.32,2,1
7834308378874,44035234758906,16.31,2,2
14882318418306,54884383293826,16.3,4,1
7519284691194,42332078080250,16.29,4,2
6842390708385,40309417279649,16.28,2,1
8172508381434,45177773228282,16.15,2,1
14925629063554,55018484334978,16.12,3,1
7455210340602,42071695425786,15.99,2,2
15098025640322,55680946897282,15.98,2,1
8011902058746,54992740516226,15.98,2,2
8649884762362,46784256999674,15.96,3,3
4417265696864,43208437334266,15.96,1,1
4417266155616,54971241431426,15.93,8,2
4417267859552,54976019431810,15.74,1,1
4417296695392,31497623568480,15.74,1,1
14983390134658,55196780233090,15.74,1,1
6001951015073,37471681675425,15.74,1,1
8013801980154,44533772386554,15.72,3,1
6798979760289,41949504700666,15.72,3,2
7651375677690,42910409818362,15.67,1,1
4417296695392,31497623142496,15.67,1,1
15349451653506,56704490373506,15.66,1,1
8436644249850,45959836860666,15.66,1,1
7500840599802,42234735165690,15.64,1,1
15154370544002,55847795753346,15.62,1,1
4417258750048,31497531195488,15.57,1,1
8006161662202,44476756099322,15.57,1,1
7469126549754,42111190991098,15.51,3,3
14821925781890,53387365155202,15.5,12,1
7661573800186,44525986382074,15.48,2,1
7661573800186,42937139953914,15.48,2,1
7928117526778,44035375694074,15.41,1,1
4552698921056,31988494172256,15.37,2,1
7869686874362,43779305242874,15.32,2,2
15332789223810,56640231408002,15.32,1,1
6912120946849,40558379565217,15.32,1,1
14958851326338,55112527446402,15.32,2,1
6542306410657,39273046671521,15.3,2,1
7643966734586,42882783936762,15.26,1,1
14882049458562,54883508584834,15.24,1,1
7500120195322,42230526443770,15.09,1,1
15346048663938,56689391927682,14.99,1,1
4417275199584,44035219980538,14.99,1,1
15346048663938,56689391862146,14.99,1,1
5313904246945,44589169574138,14.99,1,1
8651552686330,46795722457338,14.96,21,7
6936330600609,40650940940449,14.95,1,1
7982630109434,54862776893826,14.9,12,1
14892327797122,54918913819010,14.83,2,1
14846737908098,54807179854210,14.82,1,1
7738421936378,43233919860986,14.82,2,2
8016548888826,44554383884538,14.82,2,1
7738421936378,43233919598842,14.82,3,2
7834292322554,43635253838074,14.74,8,2
14973836591490,55162720649602,14.73,3,3
15099863368066,55686307185026,14.61,9,6
14874577043842,54860124717442,14.57,1,1
14823229260162,53390663549314,14.5,12,1
5343159746721,34895418491041,14.48,2,1
14993332044162,55248459760002,14.41,1,1
15260844720514,56318101160322,14.4,1,1
14960127476098,55116226920834,14.32,2,2
8072448934138,44742570017018,14.29,1,1
8017518985466,44559708881146,14.19,1,1
14819408216450,53378250703234,14.17,9,1
7560180334842,44525797933306,14.16,1,1
4417294893152,56520330576258,14.16,1,1
8010052993274,44513180582138,14.16,1,1
8109485031674,44873115795706,14.16,1,1
7542214983930,42429594108154,14.15,2,1
5241086509217,34423080091809,14.07,1,1
14879661883778,54873806602626,14.07,1,1
5241086509217,34423080026273,14.07,1,1
14907263746434,55015788151170,14.03,1,1
15267802055042,56346466550146,13.99,1,1
14930544394626,55036010103170,13.99,1,1
15082756505986,55619607626114,13.99,1,2
4626541674592,44581512478970,13.98,2,1
6826627924129,40272022536353,13.97,4,1
4536644337760,31926034006112,13.94,7,2
8011831148794,54992725541250,13.93,7,5
4536806309984,44581659050234,13.82,2,1
14986122461570,55204660707714,13.77,8,4
15037028532610,55918508245378,13.75,1,1
4417257930848,31497528934496,13.71,3,3
6751750226081,39999643254945,13.7,3,1
8651552686330,46795722555642,13.69,3,3
7642578878714,42878426448122,13.57,1,1
5928567898273,41949508894970,13.57,1,1
6022376194209,37546563338401,13.54,13,3
14965172797826,55135036047746,13.48,2,1
14932339097986,55041957659010,13.46,1,1
7910139199738,43955114508538,13.45,6,3
7869686874362,43779304882426,13.45,2,1
7869686874362,43779305636090,13.45,2,1
4417282080864,54971252113794,13.44,2,2
7651375677690,42910409785594,13.42,1,1
14977818722690,55176992031106,13.41,5,2
4417275330656,44035076260090,13.32,2,2
8053644984570,44706176368890,13.32,2,2
7615786451194,42778730725626,13.32,1,1
8009118974202,44503679828218,13.32,2,1
5814733045921,36802536013985,13.32,1,1
4417265696864,43208437301498,13.32,1,1
15082756505986,55619607495042,13.32,2,1
4536806572128,31926770401376,13.32,2,1
4417276215392,42486959571194,13.29,2,2
7834308378874,44035234824442,13.26,1,1
4575522259040,32070086918240,13.26,1,1
4417260421216,31497533587552,13.25,6,2
4505244958816,44680630632698,13.24,1,1
7986319327482,45379922821370,13.24,4,3
14872907350402,54855641891202,13.21,1,1
14937995084162,55064138613122,13.21,1,1
14991546581378,55223007150466,13.15,2,1
14919945650562,54992813752706,13.15,2,1
8134249382138,44984496324858,13.08,2,1
8012431884538,44526427308282,13.07,1,1
14798554268034,55391394005378,13.02,6,2
4417277460576,54994512249218,13.01,7,4
8006161662202,44476756164858,12.99,1,1
6842442612897,40309598584993,12.98,2,1
14823229260162,53390663778690,12.95,11,5
14934429958530,55054209483138,12.79,1,1
14934429958530,55054209614210,12.79,1,1
14934429958530,55054209548674,12.79,1,1
14934429958530,55054209286530,12.79,1,1
14934429958530,55054209417602,12.79,1,1
15288721637762,56445279928706,12.74,1,1
15269016011138,56359263928706,12.67,1,1
4417278836832,54977936097666,12.66,1,1
7717938626810,43160367759610,12.66,1,1
4417279656032,54992719217026,12.66,1,1
7977115615482,44687446737146,12.66,1,1
8011824398586,54992725377410,12.66,1,1
15048390214018,55493767922050,12.66,1,1
8006238404858,44477651452154,12.66,1,1
14924996477314,55015971357058,12.66,1,1
15099863368066,55686307217794,12.64,2,2
6859950063777,40370513412257,12.6,1,1
8010962698490,44517163630842,12.59,1,1
7600601727226,42706630246650,12.57,2,1
6936508235937,40651675435169,12.49,1,1
4553369485408,31990842130528,12.49,1,1
4414316183648,44687363244282,12.49,1,1
8016450617594,44553794617594,12.48,2,1
7986333974778,55238110216578,12.45,5,4
14924444139906,55013285659010,12.44,1,1
14846726799746,54807127163266,12.42,2,1
8036170498298,44645092294906,12.42,1,1
15260849897858,56318116921730,12.42,1,1
7464579793146,42099241058554,12.41,1,1
8043531632890,55116435128706,12.41,1,1
5241086509217,34423080124577,12.41,1,1
8010976493818,54971263418754,12.32,1,1
8010954113274,54971408449922,12.32,1,1
4613822152800,42143119769850,12.22,3,1
8014159085818,44537870188794,12.22,3,1
14934433726850,55054218789250,12.21,1,1
4417280901216,54976159351170,12.19,1,1
4417266319456,54972853223810,12.19,1,1
14874199490946,54859092623746,12.14,2,2
4417275330656,44035076325626,12.12,1,1
8173344653562,45181464445178,12.07,1,1
8651637883130,54875533410690,12.01,6,4
15273127117186,56384756515202,11.99,1,1
4417258389600,31497530802272,11.98,2,2
5294722252961,34706866634913,11.97,1,1
4417278836832,54977936032130,11.95,6,3
7065159762081,41069674365089,11.94,4,3
4592582623328,54965045887362,11.92,1,1
15272369553794,56380969582978,11.92,1,1
6685790896289,39726993703073,11.91,1,1
14883152527746,54886934413698,11.91,1,1
14934429958530,55054209319298,11.87,1,1
15100091007362,55789488931202,11.82,2,1
15143562445186,55808493093250,11.79,1,1
6842284343457,40309088190625,11.74,2,2
7652493132026,42914013937914,11.66,1,1
7994905460986,44345518096634,11.66,1,1
5313902313633,55597179830658,11.66,1,1
4417259700320,31497532702816,11.65,2,1
5360689283233,34966540091553,11.62,1,1
14882318418306,54884383097218,11.58,3,2
7716552999162,43154168971514,11.57,1,1
7716552999162,43154169168122,11.57,1,1
8011172217082,44517945540858,11.56,3,3
14928392388994,55045804491138,11.48,2,1
4573903454304,32056261705824,11.48,2,2
8152219386106,45081741132026,11.48,2,1
6842306166945,40309141012641,11.47,1,1
14959094563202,55112963424642,11.44,1,1
15141194596738,55795377144194,11.44,1,1
6026325229729,37561557581985,11.42,2,1
7834308378874,44035234791674,11.34,1,1
8096613597434,55116866224514,11.33,1,1
6842306166945,40309140488353,11.25,1,1
8165792383226,45146738557178,11.24,1,1
4536345067616,42496149750010,11.24,1,1
4417294893152,31497618849888,11.24,1,1
7615776915706,42778681377018,11.22,3,1
15113040068994,55734793961858,11.22,6,1
6752233193633,40000608075937,11.22,3,1
7467514921210,54965405221250,11.21,1,1
5433469141153,35265272053921,11.17,2,1
8006154682618,44476577284346,11.17,1,1
8173344653562,45181464379642,11.16,1,1
8173344653562,45181464510714,11.16,1,1
8175077720314,45190402277626,11.16,1,1
8010511909114,44515325182202,11.16,1,1
14921103278466,54996473020802,11.16,9,7
8630295331066,46692068491514,11.15,2,1
7804529213690,44035214508282,11.15,2,1
8630295331066,46692132815098,11.15,2,1
14927474459010,55026048500098,11.05,2,1
4590494187616,32128839155808,10.99,1,1
7469126418682,42111190728954,10.98,3,2
14993390403970,55231997903234,10.91,1,1
4417275330656,44035076227322,10.84,4,3
7455210569978,54905301991810,10.82,1,1
4538108903520,31930965721184,10.8,2,1
8436743930106,45960597831930,10.77,1,1
5304784879777,34746255245473,10.74,1,1
5313904246945,34866002624673,10.66,1,1
4417253703776,31497522872416,10.66,1,1
8649884762362,46784256966906,10.65,2,1
15141907038594,55798479356290,10.63,4,1
7852431048954,43702686482682,10.57,1,1
14888894071170,54907368538498,10.54,1,1
4417275330656,44035076358394,10.52,1,1
8110972240122,44878292943098,10.51,1,1
7993908166906,44333497385210,10.5,1,1
8565963849978,55627359158658,10.49,1,1
8565963849978,46433110294778,10.49,1,1
8162296496378,45128926757114,10.49,1,1
6765736722593,40060225814689,10.48,2,1
6894937866401,46282810261754,10.47,3,1
8651637883130,54875533443458,10.46,8,6
4478838505568,55090045944194,10.46,1,1
14950484967810,55093244330370,10.41,1,1
5450415538337,44579813851386,10.41,1,1
5450415538337,44579813916922,10.41,1,1
8166046662906,45147911028986,10.41,1,1
7651373547770,45194582851834,10.41,1,1
7651373547770,45194582819066,10.41,1,1
6634014736545,44527832170746,10.35,1,1
4417268449376,54976019628418,10.33,1,1
6826633658529,40272037970081,10.32,2,2
7855951184122,43721073164538,10.32,4,4
7455207424250,44579953246458,10.28,1,1
14924996477314,55398283968898,10.16,1,1
6891196842145,40479087591585,10.15,1,1
6842306166945,40309140914337,10.12,1,1
15143562445186,55808493060482,10.04,1,1
6024708522145,37554949685409,9.99,1,1
6024708292769,44625170071802,9.99,1,1
15082756505986,55619607560578,9.99,1,1
4523828707424,31867455930464,9.97,3,1
4417279492192,54978206990722,9.96,5,2
8072552579322,44743314014458,9.92,2,2
14951624147330,55099599716738,9.91,1,1
14823201898882,53390482899330,9.86,5,2
5433469141153,44546525200634,9.82,2,1
6755764076705,40013479575713,9.82,2,1
4612919066720,32221330079840,9.75,2,1
8072448934138,44742569984250,9.75,2,1
8183771758842,45225635741946,9.74,1,1
15026376081794,55376972087682,9.67,1,1
4417279819872,31497567109216,9.66,1,1
14874527138178,55029078360450,9.66,1,1
15158075490690,55865813565826,9.66,1,1
4417262452832,54965559329154,9.66,1,1
8175026798842,45190163136762,9.66,1,1
4417280770144,44588814696698,9.66,1,1
4417285455968,55018219372930,9.63,4,2
5450415538337,44579813294330,9.59,1,1
8631162994938,46696920285434,9.59,1,1
4417262125152,31497535455328,9.57,1,1
15065242534274,55554037744002,9.45,15,1
4417276215392,42905688768762,9.38,1,1
15154370544002,55847795720578,9.37,1,1
4417268351072,54976116752770,9.3,4,2
4417277952096,54978295660930,9.3,5,4
14977818722690,55176992063874,9.29,4,3
6826633658529,40272037740705,9.17,4,1
7719883964666,43170140553466,9.16,1,1
7519284691194,42332077850874,9.14,2,2
6024707965089,44624614555898,9.12,1,1
6898632065185,55054353826178,9.07,1,1
7455207784698,42071690739962,9.07,1,1
6898632065185,55054353695106,9.07,1,1
15176571552130,55954493636994,8.99,1,1
6826627924129,40272022503585,8.98,2,1
7064905908385,54977974501762,8.96,4,4
7855905931514,43720782741754,8.94,1,1
14908695150978,54976473268610,8.91,1,1
14909844816258,54978816278914,8.91,1,1
14919907639682,54992767779202,8.91,1,1
7984217325818,54996601405826,8.91,1,1
7615777308922,54994810110338,8.91,1,1
7862139027706,54996699677058,8.91,1,1
4568069505120,32040397275232,8.82,1,1
8159334138106,45111750754554,8.74,1,1
7984498868474,44279412326650,8.72,3,1
7986253037818,54996685357442,8.69,7,4
5940562690209,37251485696161,8.68,7,5
15167402049922,55914637394306,8.66,1,1
4417274216544,55183774253442,8.65,2,1
8155973026042,45093443895546,8.63,1,1
14958828421506,55112489271682,8.57,1,1
8620603638010,55016137261442,8.54,1,1
8630672883962,46694529106170,8.54,1,1
4417263403104,54970725073282,8.49,1,1
8027138195706,44599111942394,8.48,2,1
15114465608066,55740740370818,8.35,1,1
7994905460986,44345517932794,8.32,1,1
7452903014650,42064264921338,8.32,1,1
4573903454304,32056261673056,8.32,2,1
15288186438018,56443144765826,8.32,2,1
4417273725024,31497555935328,8.3,2,1
6751750783137,39999644369057,8.3,2,1
14971728200066,55155343294850,8.29,1,1
7986329092346,55237470847362,8.29,5,3
8011839176954,54992718725506,8.28,1,1
7984495132922,44279391256826,8.24,1,1
4417267925088,54976342196610,8.24,1,1
4417277788256,54976261423490,8.24,1,1
8005741805818,54976429425026,8.24,1,1
6024708685985,44625080156410,8.24,1,1
4417277395040,54976194904450,8.24,1,1
7984513057018,44279494246650,8.23,2,1
14823229260162,53390663713154,8.17,4,1
7640295833850,42871890116858,8.17,1,1
14882318418306,54884383195522,8.15,2,1
14965693940098,55136534135170,8.14,2,2
8140971213050,45020325380346,8.07,1,1
8172508381434,45177907577082,8.07,1,1
8172508381434,45177772474618,8.07,1,1
8172508381434,45177773031674,8.07,1,1
7455208997114,42071693328634,8,1,1
14886272434562,55219110642050,8,3,1
8011831148794,54992725574018,7.99,1,1
8010427564282,44514766061818,7.99,1,1
4417278017632,54978666004866,7.99,1,1
4417279492192,54978207023490,7.99,1,1
8011831804154,54992725737858,7.99,1,1
4536806178912,31926770008160,7.96,1,1
4417272217696,31497554198624,7.91,1,1
4417255899232,31497525198944,7.91,1,1
7982653473018,44270425145594,7.91,1,1
5238207807649,34408436990113,7.87,3,1
4417278836832,54977936064898,7.86,1,1
6024708718753,44624474079482,7.74,1,1
14819408216450,53378250736002,7.7,6,2
7984493396218,54994753094018,7.66,1,1
8010477207802,44515104096506,7.65,1,1
15141177229698,55795335561602,7.49,1,1
6756420288673,40016245883041,7.48,2,1
15274568614274,56391604339074,7.48,2,1
7615777243386,42778681999610,7.48,2,2
8010954113274,55116490637698,7.48,2,2
14822482411906,53388622430594,7.47,3,1
14892327797122,54918913917314,7.42,1,1
5866683498657,44586116972794,7.42,1,1
7983274361082,44273131979002,7.41,1,1
7738421936378,43233919795450,7.41,1,1
14961292312962,55121271882114,7.41,1,1
4417259176032,31497532014688,7.41,1,1
8016548888826,44554383524090,7.41,1,1
8016548888826,44554383556858,7.41,1,1
4536795693152,31926702768224,7.41,1,1
7738421936378,43233919402234,7.41,1,1
7869686874362,43779305406714,7.32,1,1
6756099424417,54963460112770,7.32,2,1
15325851910530,56592189096322,7.31,1,1
7984506405114,44279457284346,7.3,6,1
7467514822906,42107993456890,7.3,4,1
4417285390432,31497601187936,7.23,3,2
6842133151905,44793394299130,7.21,1,1
4417277952096,54978295693698,7.2,1,1
7455209226490,42071693852922,7.19,1,1
4417276444768,31497559900256,7.08,2,2
14877939368322,54868171653506,7.08,2,1
15304312357250,56518915981698,7.07,1,1
14819787506050,55953670308226,7.07,1,1
4448092913760,31622242664544,7.07,1,1
14878723539330,54870922330498,7.07,1,1
15337613820290,56659430539650,7.07,2,1
8175032697082,45190219235578,7.04,2,2
7691129946362,43052479807738,6.99,1,1
8010976493818,54971263385986,6.99,1,1
7519284691194,42332078145786,6.98,2,2
4417276018784,31497558687840,6.92,2,1
14877951099266,54868256817538,6.92,2,2
7487961792762,42169583370490,6.87,1,1
8565886746874,46432790675706,6.82,1,1
14965172797826,55135036014978,6.74,1,1
15099971568002,55686481576322,6.74,1,1
7869686874362,43779305275642,6.72,1,1
4417281949792,54978200666498,6.72,1,1
7470952546554,42115889496314,6.72,3,1
7869686874362,43779305668858,6.72,1,1
7869686874362,43779305079034,6.72,1,1
4417280901216,54976159318402,6.72,1,1
4417281294432,54976257753474,6.72,1,1
7834308378874,44035234726138,6.7,1,1
7455208472826,42071691919610,6.68,1,1
7487958614266,42169564299514,6.68,1,1
7738421936378,43233919664378,6.67,1,1
8011829379322,54978024604034,6.66,1,1
14919907639682,54992767680898,6.64,2,2
8004348412154,44450315665658,6.57,3,1
8139872272634,45012796997882,6.56,8,1
8134249382138,44984496292090,6.54,1,1
8134249382138,44984496390394,6.54,1,1
7982630109434,54862776729986,6.48,3,2
4417280770144,44588814663930,6.48,3,2
5742787100833,36528237707425,6.47,2,1
4537417007200,46748105703674,6.47,1,1
5370613203105,45190819774714,6.47,1,1
4536806506592,44586303684858,6.47,2,1
6845727146145,40320539852961,6.37,9,3
8159407931642,45112301846778,6.36,4,1
4592582623328,54965045756290,6.32,1,1
8073704014074,44746400071930,6.32,1,1
8205362462970,45282195439866,6.27,1,1
15154370544002,55847795687810,6.25,1,1
14875756790146,54863101428098,6.24,1,1
8157983932666,45102935081210,6.24,1,1
14933787509122,55049494561154,6.22,1,1
14933787509122,55049494364546,6.22,1,1
4417285292128,31497601089632,6.21,5,2
6894872166561,41949498409210,6.21,1,1
8004464607482,44451238150394,6.2,5,3
14920702984578,54994979946882,6.2,5,4
4417262551136,54965083472258,6.1,3,2
7984498540794,44279410196730,6.08,1,1
6008905466017,54994514772354,6.05,1,1
4417288470624,44585901818106,5.99,1,1
4417272086624,44616905326842,5.99,1,1
8005741805818,54976429392258,5.98,3,1
14909815357826,54978782724482,5.98,2,1
4417281392736,54992794354050,5.97,3,1
4575608963168,32070468141152,5.96,4,3
6022376292513,37546563403937,5.95,13,2
7849767436538,43689700655354,5.92,1,1
5742782742689,36528224469153,5.92,1,1
14970788643202,55151854223746,5.82,2,2
4536806309984,44581658820858,5.79,1,1
14875756790146,54863101395330,5.79,1,1
15125325185410,55767559373186,5.79,1,1
4536806309984,44581658919162,5.79,1,1
8073717186810,44746429661434,5.79,1,1
15125400191362,55767641096578,5.79,1,1
4536642273376,31926016114784,5.77,3,2
6542338949281,39273246130337,5.75,2,1
7464578515194,46064586457338,5.74,1,1
7661573800186,44525986251002,5.74,1,1
15337613820290,56659430605186,5.72,1,1
14960182296962,55116493521282,5.71,1,1
4417283391584,55051555864962,5.66,1,1
14821912510850,56689505010050,5.63,4,1
15348210041218,56698079674754,5.62,1,1
14932298039682,55041791066498,5.62,3,1
8011831804154,54992725705090,5.58,3,2
8630295331066,46692068622586,5.57,1,1
7852431048954,43702686580986,5.57,1,1
4417275887712,54886938640770,5.49,1,1
4592582623328,54965046280578,5.49,1,1
8015430353146,44546719547642,5.41,1,1
7852431048954,43702686613754,5.41,1,1
8009549349114,54976253198722,5.41,1,1
6845726851233,44035656286458,5.37,1,1
7855905931514,43720782774522,5.37,1,1
8011172217082,44517945606394,5.32,1,1
7977115615482,44687446638842,5.32,2,1
8053246034170,44694453453050,5.32,2,1
15334468813186,56650190455170,5.26,1,1
8013801980154,44533772484858,5.24,1,1
4417284898912,44528243966202,5.24,1,1
14933430960514,55048030781826,5.24,1,1
14933430960514,55048030880130,5.24,1,1
4478838603872,55090302910850,5.17,1,1
8009877225722,44512018497786,5.16,1,1
8013804732666,44533785264378,5.16,1,1
14821925781890,53387365220738,5.16,4,3
4417280409696,54969029853570,5,1,1
15334468813186,56650190356866,4.99,1,1
6751883428001,39999927320737,4.99,1,1
7910139232506,43955114574074,4.99,1,1
6756036837537,44547074162938,4.99,1,1
14957842170242,55110330319234,4.99,1,1
7986333974778,55238110249346,4.98,2,1
8027118600442,44599046078714,4.96,7,2
4417292763232,31497613279328,4.96,4,2
5433469141153,44546528805114,4.91,1,1
7982654849274,44270443462906,4.91,1,1
6755814080673,40013691322529,4.91,1,1
7600601727226,42706630213882,4.91,1,1
6755814080673,40013691453601,4.91,1,1
6026324967585,37561557254305,4.87,1,1
4417292828768,55861576171906,4.87,1,1
8172737265914,45178318586106,4.76,1,1
4417284702304,44528583246074,4.75,2,1
4493459882080,31780881989728,4.75,2,1
6750861492385,39997822894241,4.74,1,1
15338513531266,56665111527810,4.72,3,1
4417267859552,54976019366274,4.65,2,1
4417278115936,54976019235202,4.64,2,2
15337613820290,56659430965634,4.57,1,1
7519284691194,42332078113018,4.57,1,1
4417287061600,31497603547232,4.57,1,1
14929105879426,55320203886978,4.5,3,1
4537416908896,46748083126522,4.49,1,1
14920702984578,54994980012418,4.49,1,1
14909203972482,54977935868290,4.49,1,1
4417257898080,31497528836192,4.49,1,1
7467514921210,54965405155714,4.48,1,1
14965146714498,55134999970178,4.42,1,1
8013922271482,44534974841082,4.42,2,1
7993710379258,44330651156730,4.42,2,1
7065159991457,41069674594465,4.42,2,2
8413346070778,45841713791226,4.41,1,1
8010472292602,54965676409218,4.32,2,2
8010020192506,44512962281722,4.32,1,1
8042896163066,44660552007930,4.29,1,1
4417276215392,42486959538426,4.17,1,1
4538255933536,31931236155488,4.16,1,1
8014158201082,44537848692986,4.16,1,1
7862947610874,43752388624634,4.16,1,1
7862947610874,43752388657402,4.16,1,1
8633541427450,46704616243450,4.15,2,1
7987056181498,55222752543106,4.15,2,1
4417274839136,31497557278816,4.15,1,1
6869509832865,40398196834465,4.13,1,1
14873453199746,54857316729218,4.12,1,1
8053053030650,44693624127738,4.12,1,1
6754421309601,40007999619233,4.11,1,1
7470952055034,42115888283898,4.1,2,2
7600601727226,42706630181114,4.07,1,1
4417267826784,55116619153794,4.07,1,1
5742785495201,36528231874721,4.07,1,1
14965693940098,55136534069634,4.07,1,1
8072527642874,44743172817146,4.04,1,1
4417267826784,54976301007234,4,2,2
15273127117186,56384756416898,3.99,1,1
4417281949792,54978200633730,3.98,2,2
8011872731386,54978102362498,3.98,2,1
4537521242208,55136672612738,3.95,1,1
8010439360762,54965587509634,3.88,2,1
8003994255610,44446642045178,3.82,2,2
4417277001824,54976032473474,3.82,2,2
15047001506178,55488526090626,3.82,1,1
15047001506178,55488526025090,3.82,1,1
4417274216544,55183774318978,3.79,1,1
7984497197306,44279401349370,3.74,1,1
6756420288673,44546599813370,3.74,1,1
6756420288673,43756231491834,3.74,1,1
4448092094560,31622241452128,3.73,1,1
4448092749920,44546930049274,3.73,1,1
4417283784800,31497589850208,3.72,3,3
4417278935136,54977937834370,3.72,2,2
6842133151905,40308662927521,3.71,1,1
14823201898882,53390482932098,3.68,2,2
7986292818170,44592560144634,3.68,2,1
8014688420090,44542972297466,3.66,1,1
14873453199746,54857316696450,3.66,1,1
6751752224929,39999647088801,3.66,1,1
7984512696570,44279492837626,3.65,1,1
14878702764418,54870873178498,3.62,3,1
7910139330810,43955114836218,3.56,1,1
14877939368322,54868171686274,3.54,1,1
4417254686816,31497523953760,3.52,1,1
4592582623328,54965045854594,3.49,1,1
4417284309088,31497595519072,3.49,1,1
8152305729786,45082682032378,3.49,1,1
4592582623328,54965046378882,3.49,1,1
4417285226592,31497601024096,3.47,1,1
14877951099266,54868256883074,3.46,1,1
7928122835194,44035420356858,3.37,3,1
8152158732538,45094086476026,3.33,20,1
5742784381089,36528227844257,3.32,1,1
7986253037818,54996685390210,3.32,1,1
14920702984578,54994979979650,3.32,1,2
6846014521505,40321697382561,3.24,1,1
4536806506592,44586303815930,3.23,1,1
14958852374914,55112533574018,3.21,1,1
14879081759106,54872293179778,3.21,1,1
14958852374914,55112533475714,3.21,1,1
5928354545825,37208304648353,3.16,1,1
15338513531266,56665111495042,3.15,2,1
14823201898882,53390482833794,3.14,2,2
14977818722690,55176992129410,3.13,2,1
7928117526778,44035375563002,3.07,1,1
8010481828090,54970752663938,3.02,2,1
14877120692610,54866640830850,3,24,2
8009969238266,54873839337858,2.99,1,1
8050371068154,44688952656122,2.96,1,1
14878702764418,54870873145730,2.92,2,1
14932147601794,55041315635586,2.92,1,1
4538256261216,31931236450400,2.91,1,1
15338513531266,56665111593346,2.83,2,1
14975891964290,55170953970050,2.81,1,1
14930637816194,55036235514242,2.78,1,1
7600336011514,42705732829434,2.74,1,1
8009969238266,54873839272322,2.73,2,1
6845726752929,44035689447674,2.72,1,1
8095915835642,44817477435642,2.66,1,1
8009929425146,44512366100730,2.66,1,1
15141903565186,55798438199682,2.66,1,1
14821925781890,53387365056898,2.58,2,1
15070329471362,55580836725122,2.49,1,1
4417257963616,31497529032800,2.49,1,1
7984248848634,44278233399546,2.48,2,2
7615777308922,54994809979266,2.48,2,2
7986311954682,44288353763578,2.48,2,1
4417284243552,55919937716610,2.48,1,1
4417275887712,54886908133762,2.46,1,1
8027118600442,44599046209786,2.42,2,2
14881365295490,54888235598210,2.33,1,1
4417267531872,54976228163970,2.32,1,1
14924472779138,55013826625922,2.3,1,1
8036074193146,44644480680186,2.21,1,1
8036074193146,44644480647418,2.21,1,1
8010511319290,54965570863490,2.16,1,1
7982630109434,54862776926594,2.16,1,1
4417263468640,54969049055618,2.16,1,1
7986285445370,54970759053698,2.16,1,1
7982630109434,54862776861058,2.16,1,1
8133905416442,44982501376250,2.15,2,1
7065159893153,41069674496161,2.12,1,1
14950492635522,55093275951490,2.08,2,1
14950492635522,55093275984258,2.08,1,1
14909844816258,54978816180610,2.07,1,1
7987056181498,54963379077506,2.07,1,1
4417254293600,31497523527776,2.07,1,1
6008906645665,37498324451489,2.06,1,1
14823229260162,53390663647618,2.04,1,1
4417277788256,54976261390722,1.99,1,1
8011824398586,54992725311874,1.99,1,1
6008905466017,54994514739586,1.99,1,1
4417267761248,54976088670594,1.99,1,1
4417278247008,54977927807362,1.99,1,1
8011825479930,54978007597442,1.99,1,1
8010976493818,54971263353218,1.99,1,1
15019527602562,55351083565442,1.99,1,1
4417277231200,54978485748098,1.99,1,1
4417254162528,54978379907458,1.99,1,1
8009497739514,54977909031298,1.99,1,1
8011831509242,54992728686978,1.86,1,1
8651637883130,54875533345154,1.82,1,1
8042896163066,44660551745786,1.67,1,1
14819408216450,55198850384258,1.67,8,1
4417287585888,55470824620418,1.65,2,1
4417292828768,54976086180226,1.62,1,1
14823201898882,53390482866562,1.57,1,1
8003778740474,44443441463546,1.57,1,1
15338513531266,56665111560578,1.57,1,1
14986122461570,55204660838786,1.49,1,1
14819408216450,53378250801538,1.48,2,1
8011829379322,54978024571266,1.46,1,1
14822482411906,53388622397826,1.41,1,1
14821925781890,53387365187970,1.29,1,1
14921113305474,54996520501634,1.24,1,1
7862139027706,54996699545986,1.24,1,1
4419678666848,31514943848544,1.24,1,1
14877967122818,54868304822658,1.24,1,1
14909203972482,54977935802754,1.24,1,1
4417284243552,55919937683842,1.24,1,1
14908695150978,54976473137538,1.24,1,1
6845726851233,44035656188154,1.12,1,1
7928123916538,44035425632506,1.12,1,1
15071148605826,55583828803970,1.12,1,1
4417280213088,54970724876674,1.07,1,1
4417263239264,54970727694722,1.04,1,1
14950492635522,55093275787650,0.91,1,1
7608022499578,42743492018426,0.83,1,1
4417287520352,55177309061506,0.82,1,1
7994219495674,44337562812666,0.82,1,1
4417287520352,55470812594562,0.82,1,1
7986254872826,44288054100218,0.74,1,1
14877967122818,54868304789890,0.68,1,1
7608022499578,42743491952890,0.54,1,1
6878738219169,40433387176097,0,0,1
5794936324257,36733073719457,0,0,1
15114465608066,55740740108674,0,0,1
15205949276546,56071838728578,0,0,1
7516401434874,44528930685178,0,0,1
7738421936378,43233919533306,0,0,1
8053644984570,55856367567234,0,0,1
6845726851233,44035656220922,0,0,1
15272480702850,56381749232002,0,0,1
15330780676482,56624911876482,0,0,1
4417279656032,54992719184258,0,0,1
4417276248160,31497559179360,0,0,2
4572385771616,44581684740346,0,0,1
7452902981882,42064264823034,0,0,1
7487951110394,44546755657978,0,0,1
14848208535938,54849051361666,0,0,1
14940507439490,55068663120258,0,0,1
14986122461570,55204660740482,0,0,1
6024708685985,44625079959802,0,0,2
4417291452512,31497610395744,0,0,1
8222107369722,45332275364090,0,0,1
14934638199170,55054862844290,0,0,1
8004005691642,44446878892282,0,0,1
4417275887712,54886938608002,0,0,1
4538255769696,31931235958880,-0.73,0,1
15100100215170,55686775669122,-0.77,0,1
4417262649440,54965308916098,-2.16,-1,1
8172737265914,45178318553338,-2.56,-1,0
4537372344416,34807062921377,-3.91,-1,0
6934040510625,40641966538913,-4,-1,1
15100100215170,55686775505282,-5.24,-1,0
8172737265914,45178318717178,-5.67,-1,0
8005773230330,54976431194498,-5.97,-3,0
14819787506050,55953670242690,-7.07,-1,1
6845726752929,44035689545978,-7.84,-1,0
5474398437537,55056898589058,-9.59,-1,1
5450415538337,44579813327098,-10.41,-1,0
14953771008386,55102069834114,-11.32,-1,0
7982678343930,44270536163578,-12.41,-1,0
6845726752929,44035689611514,-13.09,-1,0
7467515085050,42107993719034,-13.29,-5,0
14961212096898,55120872341890,-13.32,-2,0
6052094967969,37652234797217,-14.07,-1,0
4417272086624,44616905359610,-15.72,-3,0
14872946311554,54855778009474,-15.92,-1,1
7719883964666,43170140651770,-16.5,-2,0
4595341688928,55162563264898,-17.24,-1,0
8071288324346,44738942533882,-18.24,-1,0
15293716791682,56465072193922,-18.75,-1,1
15260005171586,56312675795330,-19.08,-2,0
14819787506050,55953670177154,-21.22,-3,0
8116915273978,44910344700154,-21.67,-1,0
5998486716577,37458904088737,-24.97,-3,0
6827326537889,40274365776033,-24.98,-2,0
7977115615482,44687446802682,-28.07,-1,0
7492315414778,42190788591866,-28.07,-1,0
4436070793312,44589245595898,-28.15,-2,0
15270379422082,56368141271426,-28.24,-1,0
15319604822402,56569767395714,-28.8,-4,0
14900890435970,54951508738434,-29.23,-2,0
15141041439106,55794513740162,-34.07,-1,0
5784602575009,46062197145850,-34.35,-2,1
6024707965089,44624614523130,-36.3,-4,0
14925037011330,55016068776322,-44.72,-3,0
14933782266242,55049447768450,-47.97,-4,0
8172508381434,45177907609850,-48.45,-6,0
8161538703610,45124123721978,-55.32,-2,0
7560180334842,55855975367042,-87.44,-7,0
14877932093826,54868154155394,-172.79,-65,14
7891783549178,43878374834426,-194.78,-1,0
8584336507130,46508561957114,-235.8,-1,0
14903399973250,54959195586946,-1188.5,-12,0
